username,password,dealername,firstname,lastname,phone,email,mileage,text,vin
automation,dealerfxqa,Nissan of anytown usa,WDPRUY,NILEWW,6837749495,dfxcucumbertest@yahoo.com,35001,XGZLBB,1D8HB48P39F701276
automation,dealerfxqa,Audi of anytown usa,PVRRUG,HUDAWR,1173471885,dfxcucumbertest@yahoo.com,35001,YZXDAZ,WAUJ8GFFXG1034028
automation,dealerfxqa,Nissan of anytown usa,TWBPRL,KFAYZC,4428998434,dfxcucumbertest@yahoo.com,35001,ZSIZWP,1D8HB48P39F701276
automation,dealerfxqa,Audi of anytown usa,QVYLBE,FEHUAB,6623953092,dfxcucumbertest@yahoo.com,35001,TELOYK,WAUJ8GFFXG1034028
automation,dealerfxqa,Nissan of anytown usa,SBOQFD,MGKFSG,4103953203,dfxcucumbertest@yahoo.com,35001,NYGMYB,1D8HB48P39F701276
automation,dealerfxqa,Nissan of anytown usa,SBHBAA,BYZJIE,9648991798,dfxcucumbertest@yahoo.com,35001,OCRCLV,1D8HB48P39F701276
automation,dealerfxqa,Audi of anytown usa,EGTKCB,LKBFUL,9330650794,dfxcucumbertest@yahoo.com,35001,ENMWND,WAUJ8GFFXG1034028
automation,dealerfxqa,Nissan of anytown usa,QCPGAE,SXLEYX,5213305220,dfxcucumbertest@yahoo.com,35001,ZMQQFC,1D8HB48P39F701276
automation,dealerfxqa,Audi of anytown usa,EFVJPZ,JMOSBG,7620136094,dfxcucumbertest@yahoo.com,35001,IRLYGS,WAUJ8GFFXG1034028
automation,dealerfxqa,Nissan of anytown usa,HOODHV,HULTML,7778543329,dfxcucumbertest@yahoo.com,35001,TQIHAA,1D8HB48P39F701276
automation,dealerfxqa,Nissan of anytown usa,WIJKWH,ZMPNIY,6001972803,dfxcucumbertest@yahoo.com,35001,MUJYOG,1D8HB48P39F701276
automation,dealerfxqa,Audi of anytown usa,FRICLT,IAYHXO,8482765633,dfxcucumbertest@yahoo.com,35001,LLSXXM,WAUJ8GFFXG1034028
automation,dealerfxqa,Nissan of anytown usa,VRBCNE,XANACC,3275571317,dfxcucumbertest@yahoo.com,35001,USYJBN,1D8HB48P39F701276
automation,dealerfxqa,Audi of anytown usa,WRASVE,IRJISP,5885180633,dfxcucumbertest@yahoo.com,35001,RVVUGT,WAUJ8GFFXG1034028
automation,dealerfxqa,Nissan of anytown usa,UQFMXR,AWCZNN,2052774194,dfxcucumbertest@yahoo.com,35001,TYDDWD,1D8HB48P39F701276
automation,dealerfxqa,Nissan of anytown usa,JPUCJL,SYIJSM,6822965002,dfxcucumbertest@yahoo.com,35001,MGPJUJ,1D8HB48P39F701276
automation,dealerfxqa,Audi of anytown usa,PAFFPE,TDXFFA,8738928449,dfxcucumbertest@yahoo.com,35001,XRJPOS,WAUJ8GFFXG1034028
automation,dealerfxqa,Nissan of anytown usa,IWRTOQ,QDCILE,7553362966,dfxcucumbertest@yahoo.com,35001,XKWVJY,1D8HB48P39F701276
automation,dealerfxqa,Audi of anytown usa,RWLNVC,JMGCIH,3579197138,dfxcucumbertest@yahoo.com,35001,JKQFDO,WAUJ8GFFXG1034028
automation,dealerfxqa,Nissan of anytown usa,ABFIJB,EKJZDM,2877996012,dfxcucumbertest@yahoo.com,35001,XWSXHC,1D8HB48P39F701276
automation,dealerfxqa,Nissan of anytown usa,IYDMCT,WUWCCL,5221921773,dfxcucumbertest@yahoo.com,35001,OWSRIH,1D8HB48P39F701276
automation,dealerfxqa,Audi of anytown usa,CCKSAF,DOAJXJ,9976175167,dfxcucumbertest@yahoo.com,35001,VCSWKT,WAUJ8GFFXG1034028
automation,dealerfxqa,Nissan of anytown usa,IFNZFD,CQFRXZ,3471130078,dfxcucumbertest@yahoo.com,35001,RNVVYP,1D8HB48P39F701276
automation,dealerfxqa,Audi of anytown usa,NUMSEM,ZARMVM,9545794885,dfxcucumbertest@yahoo.com,35001,OQNDWG,WAUJ8GFFXG1034028
automation,dealerfxqa,Nissan of anytown usa,RYQIAT,WLTLHM,2833667594,dfxcucumbertest@yahoo.com,35001,IMHXMF,1D8HB48P39F701276
automation,dealerfxqa,Nissan of anytown usa,ERHGDL,CYICLE,1578390706,dfxcucumbertest@yahoo.com,35001,SAAEHX,1D8HB48P39F701276
automation,dealerfxqa,Audi of anytown usa,QSTLVT,NCVWQY,9874079755,dfxcucumbertest@yahoo.com,35001,YKVSDL,WAUJ8GFFXG1034028
automation,dealerfxqa,Nissan of anytown usa,ILYIGA,VSMMIB,5272926116,dfxcucumbertest@yahoo.com,35001,NBWSFN,1D8HB48P39F701276
automation,dealerfxqa,Audi of anytown usa,NOZVCD,UIJUBV,1478921615,dfxcucumbertest@yahoo.com,35001,OIJTDG,WAUJ8GFFXG1034028
automation,dealerfxqa,Nissan of anytown usa,FXYSIG,ESCMJJ,4661934331,dfxcucumbertest@yahoo.com,35001,BLKUTJ,1D8HB48P39F701276
automation,dealerfxqa,Nissan of anytown usa,IARHME,SBNDWZ,7647792533,dfxcucumbertest@yahoo.com,35001,SUXWMX,1D8HB48P39F701276
automation,dealerfxqa,Audi of anytown usa,AJGOSC,RRQVSB,2682053840,dfxcucumbertest@yahoo.com,35001,WMZPNT,WAUJ8GFFXG1034028
automation,dealerfxqa,Nissan of anytown usa,IOFZHB,WOQOEG,6478526223,dfxcucumbertest@yahoo.com,35001,MWKMGR,1D8HB48P39F701276
automation,dealerfxqa,Audi of anytown usa,RLIZCX,ZPJMEV,7214394783,dfxcucumbertest@yahoo.com,35001,LNSVSH,WAUJ8GFFXG1034028
automation,dealerfxqa,Nissan of anytown usa,YRWENT,BVDSUA,1965673412,dfxcucumbertest@yahoo.com,35001,LTGSKP,1D8HB48P39F701276
automation,dealerfxqa,Nissan of anytown usa,RSHTFQ,QOZJYX,8156630406,dfxcucumbertest@yahoo.com,35001,MUZIJK,1D8HB48P39F701276
automation,dealerfxqa,Audi of anytown usa,HZPTEE,VPHPRG,1313241547,dfxcucumbertest@yahoo.com,35001,ZVHFWA,WAUJ8GFFXG1034028
automation,dealerfxqa,Nissan of anytown usa,FTGVKQ,GTECGE,6751874332,dfxcucumbertest@yahoo.com,35001,XMBAMP,1D8HB48P39F701276
automation,dealerfxqa,Audi of anytown usa,JURWDE,BXIICG,1559398518,dfxcucumbertest@yahoo.com,35001,DBXCBK,WAUJ8GFFXG1034028
automation,dealerfxqa,Nissan of anytown usa,OKTGTU,PHALFM,1661006580,dfxcucumbertest@yahoo.com,35001,POQSFU,1D8HB48P39F701276
automation,dealerfxqa,Nissan of anytown usa,WUKQIV,UHUYNL,9248061356,dfxcucumbertest@yahoo.com,35001,ZQJKZX,1D8HB48P39F701276
automation,dealerfxqa,Audi of anytown usa,ZAFKJX,AQSRAC,6396808953,dfxcucumbertest@yahoo.com,35001,RORJHI,WAUJ8GFFXG1034028
automation,dealerfxqa,Nissan of anytown usa,MTYIDT,DUVTTQ,6056458887,dfxcucumbertest@yahoo.com,35001,FALSKZ,1D8HB48P39F701276
automation,dealerfxqa,Audi of anytown usa,VXNJZW,OKBEUW,1660090325,dfxcucumbertest@yahoo.com,35001,MHLPAU,WAUJ8GFFXG1034028
automation,dealerfxqa,Nissan of anytown usa,CKYLHU,UOPRGI,3331331728,dfxcucumbertest@yahoo.com,35001,RPPIFY,1D8HB48P39F701276
automation,dealerfxqa,Nissan of anytown usa,TPAFTM,YMWIPN,5477548525,dfxcucumbertest@yahoo.com,35001,UWWKTQ,1D8HB48P39F701276
automation,dealerfxqa,Audi of anytown usa,VNNSJD,AOMJCQ,4414898695,dfxcucumbertest@yahoo.com,35001,PKAXNT,WAUJ8GFFXG1034028
automation,dealerfxqa,Nissan of anytown usa,COTIRV,TLJOIG,3738281203,dfxcucumbertest@yahoo.com,35001,MBCIEM,1D8HB48P39F701276
automation,dealerfxqa,Audi of anytown usa,MPQVVS,SXBHIB,9732004873,dfxcucumbertest@yahoo.com,35001,YEMCRZ,WAUJ8GFFXG1034028
automation,dealerfxqa,Nissan of anytown usa,GZUNGN,QVJFCN,5477218061,dfxcucumbertest@yahoo.com,35001,EITBCA,1D8HB48P39F701276
automation,dealerfxqa,Nissan of anytown usa,RTZWDH,YKQCQY,8677972427,dfxcucumbertest@yahoo.com,35001,CZJHJW,1D8HB48P39F701276
automation,dealerfxqa,Audi of anytown usa,BRKYWT,BLOCGI,3417534721,dfxcucumbertest@yahoo.com,35001,SWJKSZ,WAUJ8GFFXG1034028
automation,dealerfxqa,Nissan of anytown usa,RRTZDU,GOPJEH,5388147921,dfxcucumbertest@yahoo.com,35001,WQACUM,1D8HB48P39F701276
automation,dealerfxqa,Audi of anytown usa,TPAJRZ,PUGDVB,6188200038,dfxcucumbertest@yahoo.com,35001,MGIXYR,WAUJ8GFFXG1034028
automation,dealerfxqa,Nissan of anytown usa,CWZFLL,SVVQIY,9562836450,dfxcucumbertest@yahoo.com,35001,TFRCEV,1D8HB48P39F701276
automation,dealerfxqa,Nissan of anytown usa,OEZDEL,PPDYXG,5956014735,dfxcucumbertest@yahoo.com,35001,XAVRLY,1D8HB48P39F701276
automation,dealerfxqa,Audi of anytown usa,GATFYN,FOHQWY,8681524969,dfxcucumbertest@yahoo.com,35001,WQHTIJ,WAUJ8GFFXG1034028
automation,dealerfxqa,Nissan of anytown usa,JNJRAS,GUBLZM,1813865797,dfxcucumbertest@yahoo.com,35001,XMDNKR,1D8HB48P39F701276
automation,dealerfxqa,Audi of anytown usa,NSCOVH,CEUVAJ,4849394404,dfxcucumbertest@yahoo.com,35001,TSOORJ,WAUJ8GFFXG1034028
automation,dealerfxqa,Nissan of anytown usa,UUETMF,QVNSYV,1780055239,dfxcucumbertest@yahoo.com,35001,NIBYWC,1D8HB48P39F701276
automation,dealerfxqa,Nissan of anytown usa,HUWMQK,BQDOPI,2298909756,dfxcucumbertest@yahoo.com,35001,IXVSVA,1D8HB48P39F701276
automation,dealerfxqa,Audi of anytown usa,FOBQXO,RLIFLF,2682767807,dfxcucumbertest@yahoo.com,35001,RXLJIX,WAUJ8GFFXG1034028
automation,dealerfxqa,Nissan of anytown usa,UIDVJP,TMGZGX,8702557483,dfxcucumbertest@yahoo.com,35001,FEUGKA,1D8HB48P39F701276
automation,dealerfxqa,Audi of anytown usa,TODWOQ,TXEKVO,3654639936,dfxcucumbertest@yahoo.com,35001,ELFJSK,WAUJ8GFFXG1034028
automation,dealerfxqa,Nissan of anytown usa,VSBOOS,RKXAXV,4698179894,dfxcucumbertest@yahoo.com,35001,AJRJEO,1D8HB48P39F701276
automation,dealerfxqa,Nissan of anytown usa,YHIKBD,ICBLZE,8613716702,dfxcucumbertest@yahoo.com,35001,JRXXKT,1D8HB48P39F701276
automation,dealerfxqa,Audi of anytown usa,XQSFXY,DDLRKM,1906114944,dfxcucumbertest@yahoo.com,35001,EGHNVT,WAUJ8GFFXG1034028
automation,dealerfxqa,Nissan of anytown usa,CYPSAL,QOSSCV,7068688150,dfxcucumbertest@yahoo.com,35001,ZUNMIW,1D8HB48P39F701276
automation,dealerfxqa,Audi of anytown usa,OSUFQS,KNYNIK,2386718676,dfxcucumbertest@yahoo.com,35001,ZEPFAP,WAUJ8GFFXG1034028
automation,dealerfxqa,Nissan of anytown usa,WKHSXI,HFPJHJ,8424989515,dfxcucumbertest@yahoo.com,35001,DVDYFN,1D8HB48P39F701276
automation,dealerfxqa,Nissan of anytown usa,LAHDJW,LSDGMS,2761541812,dfxcucumbertest@yahoo.com,35001,ALNHHA,1D8HB48P39F701276
automation,dealerfxqa,Audi of anytown usa,WECHJD,IYLEUE,4283643982,dfxcucumbertest@yahoo.com,35001,WWNTAT,WAUJ8GFFXG1034028
automation,dealerfxqa,Nissan of anytown usa,IJWXXA,KHISKB,8845147676,dfxcucumbertest@yahoo.com,35001,XJVODU,1D8HB48P39F701276
automation,dealerfxqa,Audi of anytown usa,ZOBGFH,EXMVEI,9918628259,dfxcucumbertest@yahoo.com,35001,BDPWYQ,WAUJ8GFFXG1034028
automation,dealerfxqa,Nissan of anytown usa,ESNKVS,XVAQTU,4715813489,dfxcucumbertest@yahoo.com,35001,MEIAJA,1D8HB48P39F701276
automation,dealerfxqa,Nissan of anytown usa,WPGYGS,GIBXLI,5338041237,dfxcucumbertest@yahoo.com,35001,FJVIVL,1D8HB48P39F701276
automation,dealerfxqa,Audi of anytown usa,NTTMDT,ETIVZA,1240587053,dfxcucumbertest@yahoo.com,35001,BNGPCV,WAUJ8GFFXG1034028
automation,dealerfxqa,Nissan of anytown usa,CSFPXC,WFNJCT,4282270075,dfxcucumbertest@yahoo.com,35001,QWFRFD,1D8HB48P39F701276
automation,dealerfxqa,Audi of anytown usa,AZTAQH,JQTIZP,5804273392,dfxcucumbertest@yahoo.com,35001,THBTCA,WAUJ8GFFXG1034028
automation,dealerfxqa,Nissan of anytown usa,BPAQTF,NSHMNW,3000248814,dfxcucumbertest@yahoo.com,35001,OUDGQM,1D8HB48P39F701276
automation,dealerfxqa,Nissan of anytown usa,THNDAN,MYNLPX,4202534728,dfxcucumbertest@yahoo.com,35001,WOIUES,1D8HB48P39F701276
automation,dealerfxqa,Audi of anytown usa,IJTDKG,ZGLCHN,1760063169,dfxcucumbertest@yahoo.com,35001,YOJNBI,WAUJ8GFFXG1034028
automation,dealerfxqa,Nissan of anytown usa,DRYCUF,MVHPWP,7023308541,dfxcucumbertest@yahoo.com,35001,XFPRPK,1D8HB48P39F701276
automation,dealerfxqa,Audi of anytown usa,TALELK,MNKVYM,1546846515,dfxcucumbertest@yahoo.com,35001,CQYDBN,WAUJ8GFFXG1034028
automation,dealerfxqa,Nissan of anytown usa,PRYGYT,WHGUTY,5874245753,dfxcucumbertest@yahoo.com,35001,CCHUOT,1D8HB48P39F701276
automation,dealerfxqa,Nissan of anytown usa,JQNTOG,AOSXON,9768570700,dfxcucumbertest@yahoo.com,35001,TASHIP,1D8HB48P39F701276
automation,dealerfxqa,Audi of anytown usa,DWUWGQ,DPETCC,7571765455,dfxcucumbertest@yahoo.com,35001,TNOJUE,WAUJ8GFFXG1034028
automation,dealerfxqa,Nissan of anytown usa,RBQXYL,JPMKTA,7135973361,dfxcucumbertest@yahoo.com,35001,ZQGBUE,1D8HB48P39F701276
automation,dealerfxqa,Audi of anytown usa,AKBKNC,TIEMAP,1998733305,dfxcucumbertest@yahoo.com,35001,JZCMTV,WAUJ8GFFXG1034028
automation,dealerfxqa,Nissan of anytown usa,RHNNDL,LREQYH,9858692056,dfxcucumbertest@yahoo.com,35001,TAGDOJ,1D8HB48P39F701276
automation,dealerfxqa,Nissan of anytown usa,OJCNFM,HUORSM,2043858374,dfxcucumbertest@yahoo.com,35001,GLDMYZ,1D8HB48P39F701276
automation,dealerfxqa,Audi of anytown usa,WALGMA,AMKGGM,7128847625,dfxcucumbertest@yahoo.com,35001,XKRMCD,WAUJ8GFFXG1034028
automation,dealerfxqa,Nissan of anytown usa,WREGYQ,BUMGMK,2945189492,dfxcucumbertest@yahoo.com,35001,LEYRGW,1D8HB48P39F701276
automation,dealerfxqa,Audi of anytown usa,WGISIJ,UBJEVI,6810316807,dfxcucumbertest@yahoo.com,35001,ZUYAZJ,WAUJ8GFFXG1034028
automation,dealerfxqa,Nissan of anytown usa,LNELVY,LKSXJA,3729165469,dfxcucumbertest@yahoo.com,35001,GKGZNM,1D8HB48P39F701276
automation,dealerfxqa,Nissan of anytown usa,XLHLZI,GJKMPC,1472858197,dfxcucumbertest@yahoo.com,35001,URIUVU,1D8HB48P39F701276
automation,dealerfxqa,Audi of anytown usa,CXWCPS,EKGGSB,2711186966,dfxcucumbertest@yahoo.com,35001,WEYYFI,WAUJ8GFFXG1034028
automation,dealerfxqa,Nissan of anytown usa,KPJFHM,ZJKOXM,1259919275,dfxcucumbertest@yahoo.com,35001,UGDNUK,1D8HB48P39F701276
automation,dealerfxqa,Audi of anytown usa,UJMLCU,ZAYMSY,2512346190,dfxcucumbertest@yahoo.com,35001,PUJVVS,WAUJ8GFFXG1034028
automation,dealerfxqa,Nissan of anytown usa,LYUBTZ,GRYNPJ,6302001278,dfxcucumbertest@yahoo.com,35001,MPKSMK,1D8HB48P39F701276
automation,dealerfxqa,Nissan of anytown usa,CECMKN,NWAPSO,2971701916,dfxcucumbertest@yahoo.com,35001,RMTTGA,1D8HB48P39F701276
automation,dealerfxqa,Audi of anytown usa,RAHLGF,ENXNJS,3365247097,dfxcucumbertest@yahoo.com,35001,KGTYYW,WAUJ8GFFXG1034028
automation,dealerfxqa,Nissan of anytown usa,SNYEQG,RTBQZL,1714309982,dfxcucumbertest@yahoo.com,35001,XJQOUX,1D8HB48P39F701276
automation,dealerfxqa,Audi of anytown usa,FRXVQB,CPJXZK,5929443867,dfxcucumbertest@yahoo.com,35001,RDWXIY,WAUJ8GFFXG1034028
automation,dealerfxqa,Nissan of anytown usa,LXXXBG,EEVXJO,8755597796,dfxcucumbertest@yahoo.com,35001,RDCBFB,1D8HB48P39F701276
automation,dealerfxqa,Nissan of anytown usa,VXTPEB,MMQNEY,7532378556,dfxcucumbertest@yahoo.com,35001,CDSTWE,1D8HB48P39F701276
automation,dealerfxqa,Audi of anytown usa,NTHRCW,MVVMSL,7706549858,dfxcucumbertest@yahoo.com,35001,VUEINO,WAUJ8GFFXG1034028
automation,dealerfxqa,Nissan of anytown usa,AUUAPL,SGEAGV,7268348603,dfxcucumbertest@yahoo.com,35001,NUTSID,1D8HB48P39F701276
automation,dealerfxqa,Audi of anytown usa,YXDWTI,MVYBDK,3525381121,dfxcucumbertest@yahoo.com,35001,LKHDCX,WAUJ8GFFXG1034028
automation,dealerfxqa,Nissan of anytown usa,BCDFDJ,WQOYKX,2671634393,dfxcucumbertest@yahoo.com,35001,QYOLUX,1D8HB48P39F701276
automation,dealerfxqa,Nissan of anytown usa,VHFGBO,VRYJVU,8642641039,dfxcucumbertest@yahoo.com,35001,BQXUBJ,1D8HB48P39F701276
automation,dealerfxqa,Audi of anytown usa,EZDJVK,VRPUHY,6868745081,dfxcucumbertest@yahoo.com,35001,WFLZQI,WAUJ8GFFXG1034028
automation,dealerfxqa,Nissan of anytown usa,EKTSHO,ZRHINW,5409696051,dfxcucumbertest@yahoo.com,35001,TVSOLR,1D8HB48P39F701276
automation,dealerfxqa,Audi of anytown usa,JDFRQS,PZCXTC,7815222556,dfxcucumbertest@yahoo.com,35001,THWTVW,WAUJ8GFFXG1034028
automation,dealerfxqa,Nissan of anytown usa,WQXSVN,PFHBWM,5882391914,dfxcucumbertest@yahoo.com,35001,SOFNBI,1D8HB48P39F701276
automation,dealerfxqa,Nissan of anytown usa,KKKPEK,XKNMCC,5491705843,dfxcucumbertest@yahoo.com,35001,OEWQGO,1D8HB48P39F701276
automation,dealerfxqa,Audi of anytown usa,SSMWVT,SDFXQW,2097261123,dfxcucumbertest@yahoo.com,35001,JNOXRU,WAUJ8GFFXG1034028
automation,dealerfxqa,Nissan of anytown usa,JQRPLS,ZOVIZJ,7634009993,dfxcucumbertest@yahoo.com,35001,EZGAIX,1D8HB48P39F701276
automation,dealerfxqa,Audi of anytown usa,GJMMVG,WPOJHX,8370537460,dfxcucumbertest@yahoo.com,35001,QHQTBK,WAUJ8GFFXG1034028
automation,dealerfxqa,Nissan of anytown usa,QXGWLY,HGUFYS,1473397419,dfxcucumbertest@yahoo.com,35001,RRANTG,1D8HB48P39F701276
automation,dealerfxqa,Nissan of anytown usa,NHTUAE,VMMMHJ,1467286336,dfxcucumbertest@yahoo.com,35001,MMHGLG,1D8HB48P39F701276
automation,dealerfxqa,Audi of anytown usa,IJSMWP,FYLIAB,3515338269,dfxcucumbertest@yahoo.com,35001,PNVHJD,WAUJ8GFFXG1034028
automation,dealerfxqa,Nissan of anytown usa,ORFEZG,OKMWXS,8197292797,dfxcucumbertest@yahoo.com,35001,PWGSQD,1D8HB48P39F701276
automation,dealerfxqa,Audi of anytown usa,MOABFI,FXPBFH,9969195285,dfxcucumbertest@yahoo.com,35001,GLYBLD,WAUJ8GFFXG1034028
automation,dealerfxqa,Nissan of anytown usa,VMBWJJ,SVZBIZ,6308042532,dfxcucumbertest@yahoo.com,35001,SSEJPP,1D8HB48P39F701276
automation,dealerfxqa,Nissan of anytown usa,JSHHGA,NIEUZL,5444456813,dfxcucumbertest@yahoo.com,35001,JGSUUO,1D8HB48P39F701276
automation,dealerfxqa,Audi of anytown usa,SXQPVU,XZDINF,6333609642,dfxcucumbertest@yahoo.com,35001,EOSAZW,WAUJ8GFFXG1034028
automation,dealerfxqa,Nissan of anytown usa,FUTAKL,IQTIBN,9534376957,dfxcucumbertest@yahoo.com,35001,IORJNW,1D8HB48P39F701276
automation,dealerfxqa,Audi of anytown usa,HHEORA,CBSDHJ,4078019313,dfxcucumbertest@yahoo.com,35001,HYCTSG,WAUJ8GFFXG1034028
automation,dealerfxqa,Nissan of anytown usa,BJVSZM,ILUOAA,5000560432,dfxcucumbertest@yahoo.com,35001,QRXVZQ,1D8HB48P39F701276
automation,dealerfxqa,Nissan of anytown usa,HARWAU,RNFKQY,5328618859,dfxcucumbertest@yahoo.com,35001,LOUTQH,1D8HB48P39F701276
automation,dealerfxqa,Audi of anytown usa,XGVHRW,PTSZCT,9153230410,dfxcucumbertest@yahoo.com,35001,CVYSCT,WAUJ8GFFXG1034028
automation,dealerfxqa,Nissan of anytown usa,OBQWDI,ZCUABB,2924764042,dfxcucumbertest@yahoo.com,35001,XNEFMA,1D8HB48P39F701276
automation,dealerfxqa,Audi of anytown usa,IOMZEZ,SCADUE,5608964221,dfxcucumbertest@yahoo.com,35001,NVNPTH,WAUJ8GFFXG1034028
automation,dealerfxqa,Nissan of anytown usa,PBQMTU,LNWEYQ,1782787268,dfxcucumbertest@yahoo.com,35001,WPRTQZ,1D8HB48P39F701276
automation,dealerfxqa,Nissan of anytown usa,CGDHDH,ORJJOJ,9204203592,dfxcucumbertest@yahoo.com,35001,CFEMFI,1D8HB48P39F701276
automation,dealerfxqa,Audi of anytown usa,FNSXWW,QJPTWV,3894776564,dfxcucumbertest@yahoo.com,35001,AKRQRW,WAUJ8GFFXG1034028
automation,dealerfxqa,Nissan of anytown usa,XKSWAT,YVQNXX,4071942323,dfxcucumbertest@yahoo.com,35001,THEOSH,1D8HB48P39F701276
automation,dealerfxqa,Audi of anytown usa,DLTJPD,SJMBOL,2567287374,dfxcucumbertest@yahoo.com,35001,TGGBXO,WAUJ8GFFXG1034028
automation,dealerfxqa,Nissan of anytown usa,OKCUMO,OIMHQX,3241287542,dfxcucumbertest@yahoo.com,35001,PBOQJU,1D8HB48P39F701276
automation,dealerfxqa,Nissan of anytown usa,DMXZKS,ZFKDZH,2542296158,dfxcucumbertest@yahoo.com,35001,UICBDI,1D8HB48P39F701276
automation,dealerfxqa,Audi of anytown usa,AIDNYX,BHFFJX,9515725052,dfxcucumbertest@yahoo.com,35001,NFQWHC,WAUJ8GFFXG1034028
automation,dealerfxqa,Nissan of anytown usa,ZYBSYH,AWZHHJ,5083739649,dfxcucumbertest@yahoo.com,35001,WWDQAL,1D8HB48P39F701276
automation,dealerfxqa,Audi of anytown usa,RGGHQX,GXLZBY,1938567772,dfxcucumbertest@yahoo.com,35001,JCQVTJ,WAUJ8GFFXG1034028
automation,dealerfxqa,Nissan of anytown usa,LVRHWQ,ORVGYR,4241638044,dfxcucumbertest@yahoo.com,35001,GOMTBH,1D8HB48P39F701276
automation,dealerfxqa,Nissan of anytown usa,XXLTGK,TPLGJZ,8768236193,dfxcucumbertest@yahoo.com,35001,QIJJPG,1D8HB48P39F701276
automation,dealerfxqa,Audi of anytown usa,DWRGYH,LRUNCB,1833476330,dfxcucumbertest@yahoo.com,35001,TTRIAU,WAUJ8GFFXG1034028
automation,dealerfxqa,Nissan of anytown usa,QOVQRR,VDLNHP,6341532122,dfxcucumbertest@yahoo.com,35001,GNGNPK,1D8HB48P39F701276
automation,dealerfxqa,Audi of anytown usa,LPERDU,RFQPNU,5247216403,dfxcucumbertest@yahoo.com,35001,RZTPKW,WAUJ8GFFXG1034028
automation,dealerfxqa,Nissan of anytown usa,DKORKZ,COVFVT,6739577188,dfxcucumbertest@yahoo.com,35001,SVSBXN,1D8HB48P39F701276
automation,dealerfxqa,Nissan of anytown usa,RTWLRQ,XECFMC,8110481006,dfxcucumbertest@yahoo.com,35001,OIXEHX,1D8HB48P39F701276
automation,dealerfxqa,Audi of anytown usa,DCOYLZ,QVSGDD,2003142620,dfxcucumbertest@yahoo.com,35001,TGVOHD,WAUJ8GFFXG1034028
automation,dealerfxqa,Nissan of anytown usa,MHWSNO,XWUUQN,1431836990,dfxcucumbertest@yahoo.com,35001,EQDTMC,1D8HB48P39F701276
automation,dealerfxqa,Audi of anytown usa,DLVAUV,CYOMIQ,2654693959,dfxcucumbertest@yahoo.com,35001,TLSOAU,WAUJ8GFFXG1034028
automation,dealerfxqa,Nissan of anytown usa,AJVQLY,HTVNYI,5879093241,dfxcucumbertest@yahoo.com,35001,KIDMQV,1D8HB48P39F701276
automation,dealerfxqa,Nissan of anytown usa,MXZUUZ,BMZUBT,3927398485,dfxcucumbertest@yahoo.com,35001,GTZIWT,1D8HB48P39F701276
automation,dealerfxqa,Audi of anytown usa,JHMWZP,OWBPNI,9993945792,dfxcucumbertest@yahoo.com,35001,GOYRIA,WAUJ8GFFXG1034028
automation,dealerfxqa,Nissan of anytown usa,UTBSCN,MOSTQF,3408507349,dfxcucumbertest@yahoo.com,35001,KQTMHO,1D8HB48P39F701276
automation,dealerfxqa,Audi of anytown usa,VOOUXB,AMSCBR,8665587634,dfxcucumbertest@yahoo.com,35001,MAOZUW,WAUJ8GFFXG1034028
automation,dealerfxqa,Nissan of anytown usa,JKYAPL,WYTDOO,8669306880,dfxcucumbertest@yahoo.com,35001,AMEZTS,1D8HB48P39F701276
automation,dealerfxqa,Nissan of anytown usa,ZALSZW,JADCUP,3244670776,dfxcucumbertest@yahoo.com,35001,OXJHOR,1D8HB48P39F701276
automation,dealerfxqa,Audi of anytown usa,DBAGVR,NFVBTT,4301497412,dfxcucumbertest@yahoo.com,35001,HVYQHF,WAUJ8GFFXG1034028
automation,dealerfxqa,Nissan of anytown usa,XDGZTF,SHXSCE,8520561835,dfxcucumbertest@yahoo.com,35001,BMTQUO,1D8HB48P39F701276
automation,dealerfxqa,Audi of anytown usa,YFPISJ,PXQAGT,7304212404,dfxcucumbertest@yahoo.com,35001,CDIWBZ,WAUJ8GFFXG1034028
automation,dealerfxqa,Nissan of anytown usa,UAMVDC,XVOTCD,7990970714,dfxcucumbertest@yahoo.com,35001,TTSQOC,1D8HB48P39F701276
automation,dealerfxqa,Nissan of anytown usa,IIRSYS,LMQWLO,6484571850,dfxcucumbertest@yahoo.com,35001,AGZWNX,1D8HB48P39F701276
automation,dealerfxqa,Audi of anytown usa,HVPXIE,DBSYLS,1254395776,dfxcucumbertest@yahoo.com,35001,RRERLE,WAUJ8GFFXG1034028
automation,dealerfxqa,Nissan of anytown usa,ZLFWQJ,IHGVFO,2958668195,dfxcucumbertest@yahoo.com,35001,XBHZUA,1D8HB48P39F701276
automation,dealerfxqa,Audi of anytown usa,RQZYTX,UUZQQE,3696494148,dfxcucumbertest@yahoo.com,35001,KWLSLA,WAUJ8GFFXG1034028
automation,dealerfxqa,Nissan of anytown usa,DETJRW,ZLOAHS,8041520474,dfxcucumbertest@yahoo.com,35001,EGAAZK,1D8HB48P39F701276
automation,dealerfxqa,Nissan of anytown usa,BUUSSY,JCILDZ,4638225401,dfxcucumbertest@yahoo.com,35001,YAJYSR,1D8HB48P39F701276
automation,dealerfxqa,Audi of anytown usa,OWGVCA,NPDGGC,5672151925,dfxcucumbertest@yahoo.com,35001,EKQXQP,WAUJ8GFFXG1034028
automation,dealerfxqa,Nissan of anytown usa,DTREAL,YDTWRY,1303255959,dfxcucumbertest@yahoo.com,35001,QLXQRH,1D8HB48P39F701276
automation,dealerfxqa,Audi of anytown usa,AEGAKR,DMJYXN,7779954644,dfxcucumbertest@yahoo.com,35001,ZJHNMJ,WAUJ8GFFXG1034028
automation,dealerfxqa,Nissan of anytown usa,VVKRKA,FMPMPB,4193756769,dfxcucumbertest@yahoo.com,35001,TNANLC,1D8HB48P39F701276
automation,dealerfxqa,Nissan of anytown usa,XXMYBQ,PGJQSK,3011031683,dfxcucumbertest@yahoo.com,35001,HOEMDJ,1D8HB48P39F701276
automation,dealerfxqa,Audi of anytown usa,TNEZUX,WUKRMN,7478117479,dfxcucumbertest@yahoo.com,35001,WORPUZ,WAUJ8GFFXG1034028
automation,dealerfxqa,Nissan of anytown usa,XNYJXH,FMESHN,7257379439,dfxcucumbertest@yahoo.com,35001,RRGUPU,1D8HB48P39F701276
automation,dealerfxqa,Audi of anytown usa,NJCUOL,RLONWJ,2009192863,dfxcucumbertest@yahoo.com,35001,XEWOWZ,WAUJ8GFFXG1034028
automation,dealerfxqa,Nissan of anytown usa,HLXWGW,TXJCDN,6159498803,dfxcucumbertest@yahoo.com,35001,HYFDIM,1D8HB48P39F701276
automation,dealerfxqa,Nissan of anytown usa,JFTLDB,DYXMUX,3619567956,dfxcucumbertest@yahoo.com,35001,EAMYFT,1D8HB48P39F701276
automation,dealerfxqa,Audi of anytown usa,ZGVVKS,TCAKUB,8630814332,dfxcucumbertest@yahoo.com,35001,YNWSYD,WAUJ8GFFXG1034028
automation,dealerfxqa,Nissan of anytown usa,WKOADW,QFMDZV,6558296188,dfxcucumbertest@yahoo.com,35001,XJQIPF,1D8HB48P39F701276
automation,dealerfxqa,Audi of anytown usa,NJNTCA,QLMWGX,4039760635,dfxcucumbertest@yahoo.com,35001,DBTFIB,WAUJ8GFFXG1034028
automation,dealerfxqa,Nissan of anytown usa,OLJGNB,JSOBIR,1720449295,dfxcucumbertest@yahoo.com,35001,WBCASZ,1D8HB48P39F701276
automation,dealerfxqa,Nissan of anytown usa,CCZYUP,MWEQVM,7554327357,dfxcucumbertest@yahoo.com,35001,MKIABJ,1D8HB48P39F701276
automation,dealerfxqa,Audi of anytown usa,CGURDX,LUPYZI,5833675809,dfxcucumbertest@yahoo.com,35001,GWSXID,WAUJ8GFFXG1034028
automation,dealerfxqa,Nissan of anytown usa,MCYZRJ,NJGSZS,8877874615,dfxcucumbertest@yahoo.com,35001,EVAPQH,1D8HB48P39F701276
automation,dealerfxqa,Audi of anytown usa,MDEYXI,QVBJWK,3109387791,dfxcucumbertest@yahoo.com,35001,WPKXVI,WAUJ8GFFXG1034028
automation,dealerfxqa,Nissan of anytown usa,HCIMBN,GIMJCG,8915762026,dfxcucumbertest@yahoo.com,35001,INWNQF,1D8HB48P39F701276
automation,dealerfxqa,Nissan of anytown usa,KTIFQY,GCDVNH,6238427689,dfxcucumbertest@yahoo.com,35001,KTTIIB,1D8HB48P39F701276
automation,dealerfxqa,Audi of anytown usa,DGNXHT,OQRCTI,9856750236,dfxcucumbertest@yahoo.com,35001,FHPHWS,WAUJ8GFFXG1034028
automation,dealerfxqa,Nissan of anytown usa,OJIJZV,UOLXWJ,7242538355,dfxcucumbertest@yahoo.com,35001,XPWRGP,1D8HB48P39F701276
automation,dealerfxqa,Audi of anytown usa,FCLGXI,IQHKLC,4062160452,dfxcucumbertest@yahoo.com,35001,WBZJHZ,WAUJ8GFFXG1034028
automation,dealerfxqa,Nissan of anytown usa,SXJGSS,VMMMIT,3269832348,dfxcucumbertest@yahoo.com,35001,FOSPNR,1D8HB48P39F701276
automation,dealerfxqa,Nissan of anytown usa,ASKUDK,VCLYLQ,7491776650,dfxcucumbertest@yahoo.com,35001,NCXDWS,1D8HB48P39F701276
automation,dealerfxqa,Audi of anytown usa,LUPPNY,DWBZMB,9132657181,dfxcucumbertest@yahoo.com,35001,YIPZYM,WAUJ8GFFXG1034028
automation,dealerfxqa,Nissan of anytown usa,SUMVCH,KAZJEP,4943206286,dfxcucumbertest@yahoo.com,35001,GGGVGJ,1D8HB48P39F701276
automation,dealerfxqa,Audi of anytown usa,MEXMKP,KAIVYF,6260814112,dfxcucumbertest@yahoo.com,35001,PTYPKC,WAUJ8GFFXG1034028
automation,dealerfxqa,Nissan of anytown usa,ZZCLBZ,VERQIL,3516752771,dfxcucumbertest@yahoo.com,35001,SUUAKF,1D8HB48P39F701276
